N, bubbleSort homicide, bubbleSort int, selectionSort homicide, selectionSort int, quickSort homicide, quickSort int, mergeSort homicide, mergeSort int
0, 1e-06, 0, 1e-06, 0, 2e-06, 0, 1e-06, 2e-06
10000, 60.2385, 0.626175, 0.661471, 0.627025, 0.027928, 0.002291, 0.073056, 0.007881
20000, 224.664, 2.47319, 2.60755, 2.47858, 0.051805, 0.007287, 0.146047, 0.017211
30000, 513.333, 5.5585, 5.81067, 5.56562, 0.077492, 0.005956, 0.225583, 0.023498
40000, 909.304, 10.0738, 11.8681, 11.152, 0.108251, 0.008534, 0.319867, 0.032734
50000, 1493.74, 19.493, 21.1716, 16.5986, 0.13582, 0.01022, 0.409808, 0.041063
60000, 2075.6, 23.1131, 27.0687, 22.5794, 0.162608, 0.012148, 0.489038, 0.048414
70000, 2815.95, 31.5983, 41.1139, 30.8072, 0.196772, 0.016237, 0.577681, 0.059781
